id,description_only_numbers_short,oomlout_bolt_type,size_upper_length_5,oomlout_short_code_upper,oomp_word_emoji_list,description_main_no_space_upper_length_3,part_number_first_letter_upper,classification_no_space_length_2,bip_39_word_space_7,description_or_color,size_length_3,description_main_no_space_upper_length_5,description_extra_no_space_upper_length_1,bip_39_word_underscore_2,size_no_space_upper_length_4,price_200_distributor_1,size_upper,filter,bip_39_word_underscore_8,classification_length_3,description_extra_capital,description_main_length_4,part_number_distributor_accu_search,price_1_distributor_2,oomlout_bolt_color,size_length_6,bip_39_word_new_line_4,bip_39_word_new_br_5,bip_39_word_no_space_11,part_number_upper,description_extra_no_space_length_5,size_no_space_length_1,link_4,manufacturer_first_letter,description_main_no_space_upper_length_1,bip_39_word_new_line_5,color_no_space_length_2,distributor_current,bip_39_word_no_space_4,classification_length_6,link_buy_2,type_no_space_length_2,md5_10,description_extra_no_space_length_4,color_no_space_upper_length_1,color_no_space_length_3,description_main_length_2,color_no_space_upper_length_5,bip_39_word_new_line_9,size_no_space_length_4,bip_39_word_underscore_5,price_current,description_main_upper,bip_39_word_dash_11,color_length_1,size_name,bip_39_word_new_br_1,link_2_name,description_extra_no_space_upper_length_5,oomlout_bolt_md5_6_last_3_upper,barcode_manufacturer_metalmate,id,classification_name,description_main_length_1,color_no_space_upper_length_4,size_upper_length_4,weight_10,price_1_distributor_orbital_fasteners,name_manufacturer_metalmate,description_main_first_letter,description_main_capital,bip_39_word_dash_9,classification_upper_length_6,classification_no_space_upper_length_2,classification_no_space_upper_length_4,md5_5,oomlout_bolt_length,oomlout_oomp_utility_custom_data_manipulation,size_capital,bip_39_word_space_3,bip_39_word_new_br_4,bip_39_word_space_9,oomlout_bolt_md5_6_last_3,link_1,description_main_no_space_length_1,bip_39_word_new_line_8,description_main,bip_39_word_new_br_11,price_1000_distributor_1,color_length_6,oomlout_bolt_type_diagram_diagram,color_no_space_upper_length_3,type_upper_length_2,bip_39_word_new_line_2,link_main,bip_39_word_underscore_1,manufacturer,md5_10_upper,oomlout_bolt_size,price_1000_name,size_no_space_length_3,from_yaml,link_3,bip_39_word_dash_12,color_upper,classification,manufacturers,bip_39_word_space_6,description_main_name,id_no_color,size_upper_length_2,description_main_length_5,bip_39_word_no_space_3,description_extra_no_space_length_2,description_only_numbers,price_100_name,description_main_no_space_length_6,manufacturer_name,price_10000_name,short_name,type_no_space_upper_length_3,description_main_no_space_length_4,kicad_reference,price_10000,oomp_word,classification_no_space_length_5,bip_39_word_new_line_6,bip_39_word_new_line_10,short_code_upper,color_upper_length_6,description_extra_no_space_length_3,classification_upper,description_extra_no_space_upper_length_3,description_extra_no_space_length_1,link_1_name,type_length_3,id_no_type,description_or_color_upper,part_number,classification_no_space_length_4,color_name,md5_6,description_extra_first_letter_upper,size_no_space_length_5,price_2_name,link_4_name,bip_39_word_space_8,bip_39_word_new_br_10,description_extra_upper_length_3,bip_39_word_dash_1,description_extra_length_5,bip_39_word_new_br_12,bip_39_word_no_space_2,type_length_6,type_no_space_length_1,description_main_no_space_upper_length_2,classification_upper_length_2,link_5_name,description_main_no_space_length_2,type_no_space_upper_length_6,color_capital,description_main_length_6,bip_39_word_new_br_7,bip_39_word_space_0,markdown_full,size_no_space_length_2,description_main_first_letter_upper,color,box_of_box_size_manufacturer_metalmate,markdown_short,bip_39_word_new_line_7,color_length_4,color_length_5,color_upper_length_1,description_extra_no_space_upper_length_4,commonity_code,bip_39_word_no_space_8,manufacturer_capital,type_first_letter_upper,type_length_1,oomlout_bolt_md5_6_alpha_last_3_upper,part_number_manufacturer_metalmate,color_no_space_length_4,size_only_numbers,description_extra_upper_length_4,manufacturer_upper,size_no_space_upper_length_2,bip_39_word_dash_8,bip_39_word_space_12,bip_39_word_underscore_10,color_no_space_length_6,project_bolt_tray_capacity_oobb_4_width_2_5_length_18_mm_depth_weight,github_link,project_bolt_tray_capacity_oobb_2_5_width_2_length_18_mm_depth,part_number_distributor_orbital_fasteners,bip_39_word_no_space_9,description_main_upper_length_6,bip_39_word_space_5,size_only_numbers_no_zeros,description_main_no_space_upper_length_6,price_10000_distributor_2,bip_39_word_new_line_11,link_buy,bip_39_word_space_4,bip_39_word_space_2,classification_length_2,quantity_current,bip_39_word_dash_3,type_no_space_length_4,type_length_5,description_extra_length_4,color_no_space_upper_length_2,type_length_2,type_upper_length_3,weight,price_1000,description_main_no_space_length_5,md5_6_alpha,price_1,bip_39_word_new_br_2,type_length_4,bip_39_word_new_br_6,bip_39_word_underscore_4,description_extra_no_space_upper_length_6,size_first_letter_upper,type_upper,classification_capital,oomlout_short_code,type_upper_length_5,size,bip_39_word_dash_4,classification_upper_length_4,name_no_class,type_no_space_upper_length_1,description_extra_upper,link_5,md5_6_alpha_upper,price_100_distributor_orbital_fasteners,id_no_size,size_length_1,size_length_5,price_1000_distributor_accu,classification_first_letter,bip_39_word_space_11,bip_39_word_underscore_9,name,part_number_capital,oomlout_bolt_head_type_diagram,oomlout_bolt_md5_6_first_3,size_no_space_length_6,classification_no_space_length_6,oomlout_bolt_name,classification_no_space_length_1,link_oomlout_label_2x1,price_100_distributor_2,type_no_space_length_5,price_1_distributor_1,webpage_distributor_orbital_fasteners,oomlout_bolt_md5_6_first_3_upper,part_number_distributor_amazon,price_200_distributor_2,bip_39_word_no_space_1,size_upper_length_6,price_1_distributor_accu,oomlout_bolt_md5_6_alpha_first_3,description_extra_length_2,type_no_space_upper_length_5,type_no_space_length_6,price_100_distributor_accu,price_200_distributor_accu,bip_39_word_new_line_3,description_extra_length_6,price_10000_distributor_orbital_fasteners,link_buy_2_name,size_no_space_upper_length_6,part_number_name,color_length_3,type_no_space_upper_length_2,bip_39_word_new_line_12,bip_39_word_no_space_10,description_extra_name,webpage_manufacturer_metalmate,bip_39_word_space_1,color_first_letter,bip_39_word_no_space_5,description_main_upper_length_4,description_extra_no_space_upper_length_2,classification_first_letter_upper,price_200_name,description_extra_length_1,price_1000_distributor_orbital_fasteners,oomlout_bolt_length_no_unit,oomp_key,description_extra_first_letter,oomlout_bolt_head_type,description_extra_no_space_length_6,md5_5_upper,bip_39_word_no_space_7,md5_6_upper,description_main_upper_length_2,color_no_space_length_1,bip_39_word_dash_6,description_extra_upper_length_5,description_main_upper_length_1,description_extra_upper_length_1,classification_no_space_upper_length_6,price_200_distributor_orbital_fasteners,bip_39_word_underscore_3,oomp_word_list,part_number_distributor_accu,directory,distributors,size_first_letter,price_100_distributor_1,link_buy_1_name,bip_39_word_new_br_8,classification_no_space_upper_length_1,size_no_space_upper_length_5,id_no_class,bip_39_word_underscore_7,classification_length_1,description_main_upper_length_3,price_200,name_no_size,link_buy_name,project_bolt_tray_capacity_oobb_4_width_2_5_length_18_mm_depth,size_length_4,bip_39_word_underscore_6,oomp_id,description_extra_upper_length_6,bip_39_word_no_space_12,type_upper_length_4,color_first_letter_upper,bip_39_word_new_line_1,classification_no_space_upper_length_3,type_no_space_upper_length_4,bip_39_word_new_br_3,type_name,classification_upper_length_5,name_no_color,name_no_type,bip_39_word_dash_5,size_length_2,type_no_space_length_3,type,color_length_2,type_upper_length_1,classification_upper_length_1,link_buy_1,link_2,link_oomlout_label_6x4,oomlout_bolt_md5_6_alpha_last_3,description_main_upper_length_5,type_first_letter,bip_39_word_dash_7,bip_39_word_dash_10,classification_no_space_length_3,description_main_no_space_upper_length_4,color_upper_length_5,bip_39_word_dash_2,bip_39_word_underscore_12,oomlout_bolt_md5_6_alpha_first_3_upper,type_capital,name_no_size_short,description_main_no_space_length_3,link_oomlout_label_3x2,size_no_space_upper_length_1,webpage_distributor_accu,box_size_manufacturer_metalmate,description_extra_length_3,classification_upper_length_3,price_1000_distributor_2,description_extra_upper_length_2,size_no_space_upper_length_3,part_number_first_letter,oomp_word_emoji,short_code,bip_39_word_space_10,link_3_name,type_upper_length_6,classification_no_space_upper_length_5,classification_length_4,manufacturer_first_letter_upper,price_100,color_no_space_length_5,description_main_length_3,md5,description_extra,color_upper_length_3,bip_39_word_new_br_9,color_upper_length_2,size_upper_length_3,color_upper_length_4,bip_39_word_underscore_11,color_no_space_upper_length_6,price_10000_distributor_accu,classification_length_5,price_10000_distributor_1,size_upper_length_1,bip_39_word_no_space_6,price_1_name
hardware_screw_countersunk_m3_black_25_mm_length_hex_head,25,Countersunk,M3,CS3B25H,"[':pushpin:', ':crown:', ':ambulance:']",25M,,ha,segment spare cause hungry gorilla nerve gym,B25,m3,25MML,H,segment_spare,M3,0.0235,M3,,segment_spare_cause_hungry_gorilla_nerve_gym_session,har,Hex Head,25_m,SSK-M3-25-10.9+-zinc,0.71,Black,m3,"segment
spare
cause
hungry",segment<br>spare<br>cause<br>hungry<br>gorilla,segmentsparecausehungrygorillanervegymsessionfriendribbonsuch,,hexhe,m,https://www.accu.co.uk/countersunk-socket-head-screws/472020-SSK-M3-25-10-9,,2,"segment
spare
cause
hungry
gorilla",bl,orbital_fasteners,segmentsparecausehungry,hardwa,https://www.accu.co.uk/countersunk-socket-head-screws/472020-SSK-M3-25-10-9,sc,91b0ee42e7,hexh,B,bla,25,BLACK,"segment
spare
cause
hungry
gorilla
nerve
gym
session
friend",m3,segment_spare_cause_hungry_gorilla,0.0235,25_MM_LENGTH,segment-spare-cause-hungry-gorilla-nerve-gym-session-friend-ribbon-such,b,M3,segment,github_link,HEXHE,0EE,5050420669078,hardware_screw_countersunk_m3_black_25_mm_length_hex_head,Hardware,2,BLAC,M3,11.69,0.0424,M3 x 25 Socket Csk Screw Gr10.9 Self Colour DIN 7991 165,2,25 mm Length,segment-spare-cause-hungry-gorilla-nerve-gym-session-friend,HARDWA,HA,HARD,91b0e,25 mm,True,M3,segment spare cause,segment<br>spare<br>cause<br>hungry,segment spare cause hungry gorilla nerve gym session friend,0ee,https://github.com/oomlout/oomlout_oomp_current_version_messy/tree/main/parts/hardware_screw_countersunk_m3_black_25_mm_length_hex_head,2,"segment
spare
cause
hungry
gorilla
nerve
gym
session",25_mm_length,segment<br>spare<br>cause<br>hungry<br>gorilla<br>nerve<br>gym<br>session<br>friend<br>ribbon<br>such,0.0188,black,type_diagram.png,BLA,SC,"segment
spare",https://github.com/oomlout/oomlout_oomp_current_version_messy/tree/main/parts/hardware_screw_countersunk_m3_black_25_mm_length_hex_head,segment,,91B0EE42E7,M3,orbital_fasteners,m3,False,https://www.orbitalfasteners.co.uk/products/m3-x-25-socket-screw-countersunk-high-tensile-grade-10-9-self-colour-din-7991,segment-spare-cause-hungry-gorilla-nerve-gym-session-friend-ribbon-such-animal,BLACK,hardware,[],segment spare cause hungry gorilla nerve,25 mm Length,25_mm_length_hex_head,M3,25_mm,segmentsparecause,he,25,orbital_fasteners,25mmle,,orbital_fasteners,,SCR,25mm,,0.0188,pushpin crown ambulance,hardw,"segment
spare
cause
hungry
gorilla
nerve","segment
spare
cause
hungry
gorilla
nerve
gym
session
friend
ribbon",CS3B25H,BLACK,hex,HARDWARE,HEX,h,link_main,scr,m3_black_25_mm_length_hex_head,B25,,hard,Black,91b0ee,H,m3,accu,webpage_distributor_accu,segment spare cause hungry gorilla nerve gym session,segment<br>spare<br>cause<br>hungry<br>gorilla<br>nerve<br>gym<br>session<br>friend<br>ribbon,HEX,segment,hex_h,segment<br>spare<br>cause<br>hungry<br>gorilla<br>nerve<br>gym<br>session<br>friend<br>ribbon<br>such<br>animal,segmentspare,screw_,s,25,HA,webpage_manufacturer_metalmate,25,SCREWC,Black,25_mm_,segment<br>spare<br>cause<br>hungry<br>gorilla<br>nerve<br>gym,"['segment', 'spare', 'cause', 'hungry', 'gorilla', 'nerve', 'gym', 'session', 'friend', 'ribbon', 'such', 'animal']",[hardware_screw_countersunk_m3_black_25_mm_length_hex_head](https://github.com/oomlout/oomlout_oomp_current_version_messy/tree/main/parts/hardware_screw_countersunk_m3_black_25_mm_length_hex_head)<br>[cs3b25h](https://github.com/oomlout/oomlout_oomp_current_version_messy/tree/main/parts/hardware_screw_countersunk_m3_black_25_mm_length_hex_head)<br>[Hardware Screw Countersunk M3 Black 25 Mm Length Hex Head](https://github.com/oomlout/oomlout_oomp_current_version_messy/tree/main/parts/hardware_screw_countersunk_m3_black_25_mm_length_hex_head)<br><br>,m3,2,black,4800,[hardware_screw_countersunk_m3_black_25_mm_length_hex_head](https://github.com/oomlout/oomlout_oomp_current_version_messy/tree/main/parts/hardware_screw_countersunk_m3_black_25_mm_length_hex_head)<br><br>,"segment
spare
cause
hungry
gorilla
nerve
gym",blac,black,B,HEXH,7318156890,segmentsparecausehungrygorillanervegymsession,,S,s,AM,1151M390025,blac,3,HEX_,,M3,segment-spare-cause-hungry-gorilla-nerve-gym-session,segment spare cause hungry gorilla nerve gym session friend ribbon such animal,segment_spare_cause_hungry_gorilla_nerve_gym_session_friend_ribbon,black,46.76,https://github.com/oomlout/oomlout_oomp_part_src/tree/main/parts/hardware_screw_countersunk_m3_black_25_mm_length_hex_head,20,1901051,segmentsparecausehungrygorillanervegymsessionfriend,25_MM_,segment spare cause hungry gorilla,3,25MMLE,0.07,"segment
spare
cause
hungry
gorilla
nerve
gym
session
friend
ribbon
such",https://www.orbitalfasteners.co.uk/products/m3-x-25-socket-screw-countersunk-high-tensile-grade-10-9-self-colour-din-7991,segment spare cause hungry,segment spare,ha,200,segment-spare-cause,scre,screw,hex_,BL,sc,SCR,1.169,0.0188,25mml,5onam,0.0424,segment<br>spare,scre,segment<br>spare<br>cause<br>hungry<br>gorilla<br>nerve,segment_spare_cause_hungry,HEXHEA,M,SCREW_COUNTERSUNK,Hardware,cs3b25h,SCREW,m3,segment-spare-cause-hungry,HARD,Screw Countersunk M3 Black 25 mm Length Hex Head,S,HEX_HEAD,https://www.harclob2b.com/m3-x-25-socket-csk-screw-gr10-9-self-colour-din-79-1151m390025,5ONAM,0.0424,black_25_mm_length_hex_head,m,m3,0.07,h,segment spare cause hungry gorilla nerve gym session friend ribbon such,segment_spare_cause_hungry_gorilla_nerve_gym_session_friend,Hardware Screw Countersunk M3 Black 25 mm Length Hex Head,,head_type_diagram.png,91b,m3,hardwa,Countersunk M3X25 mm Black (Hex Head),h,http://192.168.1.242:1112/?label=oomp%205onam,0.09,screw,0.0424,https://www.orbitalfasteners.co.uk/products/m3-x-25-socket-screw-countersunk-high-tensile-grade-10-9-self-colour-din-7991,91B,,0.09,segment,M3,0.71,5on,he,SCREW,screwc,0.09,0.09,"segment
spare
cause",hex_he,0.0188,webpage_distributor_accu,M3,,bla,SC,"segment
spare
cause
hungry
gorilla
nerve
gym
session
friend
ribbon
such
animal",segmentsparecausehungrygorillanervegymsessionfriendribbon,Hex Head,https://www.harclob2b.com/m3-x-25-socket-csk-screw-gr10-9-self-colour-din-79-1151m390025,segment,b,segmentsparecausehungrygorilla,25_M,HE,H,orbital_fasteners,h,0.0188,25,oomp_hardware_screw_countersunk_m3_black_25_mm_length_hex_head,h,Hex Head,hexhea,91B0E,segmentsparecausehungrygorillanervegym,91B0EE,25,b,segment-spare-cause-hungry-gorilla-nerve,HEX_H,2,H,HARDWA,0.0235,segment_spare_cause,"['pushpin', 'crown', 'ambulance']",SSK-M3-25-10.9,parts/hardware_screw_countersunk_m3_black_25_mm_length_hex_head,[],m,0.0424,webpage_distributor_orbital_fasteners,segment<br>spare<br>cause<br>hungry<br>gorilla<br>nerve<br>gym<br>session,H,M3,screw_countersunk_m3_black_25_mm_length_hex_head,segment_spare_cause_hungry_gorilla_nerve_gym,h,25_,0.0235,Black 25 mm Length Hex Head,orbital_fasteners,40,m3,segment_spare_cause_hungry_gorilla_nerve,hardware_screw_countersunk_m3_black_25_mm_length_hex_head,HEX_HE,segmentsparecausehungrygorillanervegymsessionfriendribbonsuchanimal,SCRE,B,segment,HAR,SCRE,segment<br>spare<br>cause,Screw Countersunk,HARDW,25 mm Length Hex Head,M3 Black 25 mm Length Hex Head,segment-spare-cause-hungry-gorilla,m3,scr,screw_countersunk,bl,S,H,https://www.orbitalfasteners.co.uk/products/m3-x-25-socket-screw-countersunk-high-tensile-grade-10-9-self-colour-din-7991,https://github.com/oomlout/oomlout_oomp_part_src/tree/main/parts/hardware_screw_countersunk_m3_black_25_mm_length_hex_head,http://192.168.1.55:1112/?label=oomp%205onam,am,25_MM,s,segment-spare-cause-hungry-gorilla-nerve-gym,segment-spare-cause-hungry-gorilla-nerve-gym-session-friend-ribbon,har,25MM,BLACK,segment-spare,segment_spare_cause_hungry_gorilla_nerve_gym_session_friend_ribbon_such_animal,5ON,Screw Countersunk,Black 25 Mm Length Hex Head,25m,http://192.168.1.245:1112/?label=oomp%205onam,M,https://www.accu.co.uk/countersunk-socket-head-screws/472020-SSK-M3-25-10-9,200,hex,HAR,0.07,HE,M3,,:pushpin: :crown: :ambulance:,cs3b25h,segment spare cause hungry gorilla nerve gym session friend ribbon,webpage_distributor_orbital_fasteners,SCREW_,HARDW,hard,,0.0424,black,25_,91b0ee42e7c44d0251b256f449341e19,hex_head,BLA,segment<br>spare<br>cause<br>hungry<br>gorilla<br>nerve<br>gym<br>session<br>friend,BL,M3,BLAC,segment_spare_cause_hungry_gorilla_nerve_gym_session_friend_ribbon_such,BLACK,0.07,hardw,0.0188,M,segmentsparecausehungrygorillanerve,orbital_fasteners
hardware_screw_countersunk_m4_black_25_mm_length_hex_head,25,Countersunk,M4,CS4B25H,"[':melon:', ':skull:', ':koala:']",25M,,ha,poem maze indoor novel label dizzy print,B25,m4,25MML,H,poem_maze,M4,0.0182,M4,,poem_maze_indoor_novel_label_dizzy_print_glide,har,Hex Head,25_m,SSK-M4-25-10.9+-zinc,0.66,Black,m4,"poem
maze
indoor
novel",poem<br>maze<br>indoor<br>novel<br>label,poemmazeindoornovellabeldizzyprintglidewheeltrymosquito,,hexhe,m,https://www.accu.co.uk/countersunk-socket-head-screws/472027-SSK-M4-25-10-9,,2,"poem
maze
indoor
novel
label",bl,orbital_fasteners,poemmazeindoornovel,hardwa,https://www.accu.co.uk/countersunk-socket-head-screws/472027-SSK-M4-25-10-9,sc,cf203a7fd0,hexh,B,bla,25,BLACK,"poem
maze
indoor
novel
label
dizzy
print
glide
wheel",m4,poem_maze_indoor_novel_label,missing_value,25_MM_LENGTH,poem-maze-indoor-novel-label-dizzy-print-glide-wheel-try-mosquito,b,M4,poem,github_link,HEXHE,03A,5050420669139,hardware_screw_countersunk_m4_black_25_mm_length_hex_head,Hardware,2,BLAC,M4,,0.0329,M4 x 25 Socket Csk Screw Gr10.9 Self Colour DIN 7991 165,2,25 mm Length,poem-maze-indoor-novel-label-dizzy-print-glide-wheel,HARDWA,HA,HARD,cf203,25 mm,True,M4,poem maze indoor,poem<br>maze<br>indoor<br>novel,poem maze indoor novel label dizzy print glide wheel,03a,https://github.com/oomlout/oomlout_oomp_current_version_messy/tree/main/parts/hardware_screw_countersunk_m4_black_25_mm_length_hex_head,2,"poem
maze
indoor
novel
label
dizzy
print
glide",25_mm_length,poem<br>maze<br>indoor<br>novel<br>label<br>dizzy<br>print<br>glide<br>wheel<br>try<br>mosquito,0.0146,black,type_diagram.png,BLA,SC,"poem
maze",https://github.com/oomlout/oomlout_oomp_current_version_messy/tree/main/parts/hardware_screw_countersunk_m4_black_25_mm_length_hex_head,poem,,CF203A7FD0,M4,orbital_fasteners,m4,False,https://www.orbitalfasteners.co.uk/products/m4-x-25-socket-screw-countersunk-high-tensile-grade-10-9-self-colour-din-7991,poem-maze-indoor-novel-label-dizzy-print-glide-wheel-try-mosquito-artefact,BLACK,hardware,[],poem maze indoor novel label dizzy,25 mm Length,25_mm_length_hex_head,M4,25_mm,poemmazeindoor,he,25,orbital_fasteners,25mmle,,orbital_fasteners,,SCR,25mm,,0.0146,melon skull koala,hardw,"poem
maze
indoor
novel
label
dizzy","poem
maze
indoor
novel
label
dizzy
print
glide
wheel
try",CS4B25H,BLACK,hex,HARDWARE,HEX,h,link_main,scr,m4_black_25_mm_length_hex_head,B25,,hard,Black,cf203a,H,m4,accu,webpage_distributor_accu,poem maze indoor novel label dizzy print glide,poem<br>maze<br>indoor<br>novel<br>label<br>dizzy<br>print<br>glide<br>wheel<br>try,HEX,poem,hex_h,poem<br>maze<br>indoor<br>novel<br>label<br>dizzy<br>print<br>glide<br>wheel<br>try<br>mosquito<br>artefact,poemmaze,screw_,s,25,HA,webpage_manufacturer_metalmate,25,SCREWC,Black,25_mm_,poem<br>maze<br>indoor<br>novel<br>label<br>dizzy<br>print,"['poem', 'maze', 'indoor', 'novel', 'label', 'dizzy', 'print', 'glide', 'wheel', 'try', 'mosquito', 'artefact']",[hardware_screw_countersunk_m4_black_25_mm_length_hex_head](https://github.com/oomlout/oomlout_oomp_current_version_messy/tree/main/parts/hardware_screw_countersunk_m4_black_25_mm_length_hex_head)<br>[cs4b25h](https://github.com/oomlout/oomlout_oomp_current_version_messy/tree/main/parts/hardware_screw_countersunk_m4_black_25_mm_length_hex_head)<br>[Hardware Screw Countersunk M4 Black 25 Mm Length Hex Head](https://github.com/oomlout/oomlout_oomp_current_version_messy/tree/main/parts/hardware_screw_countersunk_m4_black_25_mm_length_hex_head)<br><br>,m4,2,black,4800,[hardware_screw_countersunk_m4_black_25_mm_length_hex_head](https://github.com/oomlout/oomlout_oomp_current_version_messy/tree/main/parts/hardware_screw_countersunk_m4_black_25_mm_length_hex_head)<br><br>,"poem
maze
indoor
novel
label
dizzy
print",blac,black,B,HEXH,7318156890,poemmazeindoornovellabeldizzyprintglide,,S,s,X6,1151M450025,blac,4,HEX_,,M4,poem-maze-indoor-novel-label-dizzy-print-glide,poem maze indoor novel label dizzy print glide wheel try mosquito artefact,poem_maze_indoor_novel_label_dizzy_print_glide_wheel_try,black,,https://github.com/oomlout/oomlout_oomp_part_src/tree/main/parts/hardware_screw_countersunk_m4_black_25_mm_length_hex_head,,1901110,poemmazeindoornovellabeldizzyprintglidewheel,25_MM_,poem maze indoor novel label,4,25MMLE,0.03,"poem
maze
indoor
novel
label
dizzy
print
glide
wheel
try
mosquito",https://www.orbitalfasteners.co.uk/products/m4-x-25-socket-screw-countersunk-high-tensile-grade-10-9-self-colour-din-7991,poem maze indoor novel,poem maze,ha,,poem-maze-indoor,scre,screw,hex_,BL,sc,SCR,,0.0146,25mml,82xx6,0.0329,poem<br>maze,scre,poem<br>maze<br>indoor<br>novel<br>label<br>dizzy,poem_maze_indoor_novel,HEXHEA,M,SCREW_COUNTERSUNK,Hardware,cs4b25h,SCREW,m4,poem-maze-indoor-novel,HARD,Screw Countersunk M4 Black 25 mm Length Hex Head,S,HEX_HEAD,https://www.harclob2b.com/m4-x-25-socket-csk-screw-gr10-9-self-colour-din-79-1151m450025,82XX6,0.0329,black_25_mm_length_hex_head,m,m4,0.05,h,poem maze indoor novel label dizzy print glide wheel try mosquito,poem_maze_indoor_novel_label_dizzy_print_glide_wheel,Hardware Screw Countersunk M4 Black 25 mm Length Hex Head,,head_type_diagram.png,cf2,m4,hardwa,Countersunk M4X25 mm Black (Hex Head),h,http://192.168.1.242:1112/?label=oomp%2082xx6,0.05,screw,0.0329,https://www.orbitalfasteners.co.uk/products/m4-x-25-socket-screw-countersunk-high-tensile-grade-10-9-self-colour-din-7991,CF2,,0.05,poem,M4,0.66,82x,he,SCREW,screwc,0.05,0.05,"poem
maze
indoor",hex_he,0.0146,webpage_distributor_accu,M4,,bla,SC,"poem
maze
indoor
novel
label
dizzy
print
glide
wheel
try
mosquito
artefact",poemmazeindoornovellabeldizzyprintglidewheeltry,Hex Head,https://www.harclob2b.com/m4-x-25-socket-csk-screw-gr10-9-self-colour-din-79-1151m450025,poem,b,poemmazeindoornovellabel,25_M,HE,H,orbital_fasteners,h,0.0146,25,oomp_hardware_screw_countersunk_m4_black_25_mm_length_hex_head,h,Hex Head,hexhea,CF203,poemmazeindoornovellabeldizzyprint,CF203A,25,b,poem-maze-indoor-novel-label-dizzy,HEX_H,2,H,HARDWA,0.0182,poem_maze_indoor,"['melon', 'skull', 'koala']",SSK-M4-25-10.9,parts/hardware_screw_countersunk_m4_black_25_mm_length_hex_head,[],m,0.0329,webpage_distributor_orbital_fasteners,poem<br>maze<br>indoor<br>novel<br>label<br>dizzy<br>print<br>glide,H,M4,screw_countersunk_m4_black_25_mm_length_hex_head,poem_maze_indoor_novel_label_dizzy_print,h,25_,0.0182,Black 25 mm Length Hex Head,orbital_fasteners,,m4,poem_maze_indoor_novel_label_dizzy,hardware_screw_countersunk_m4_black_25_mm_length_hex_head,HEX_HE,poemmazeindoornovellabeldizzyprintglidewheeltrymosquitoartefact,SCRE,B,poem,HAR,SCRE,poem<br>maze<br>indoor,Screw Countersunk,HARDW,25 mm Length Hex Head,M4 Black 25 mm Length Hex Head,poem-maze-indoor-novel-label,m4,scr,screw_countersunk,bl,S,H,https://www.orbitalfasteners.co.uk/products/m4-x-25-socket-screw-countersunk-high-tensile-grade-10-9-self-colour-din-7991,https://github.com/oomlout/oomlout_oomp_part_src/tree/main/parts/hardware_screw_countersunk_m4_black_25_mm_length_hex_head,http://192.168.1.55:1112/?label=oomp%2082xx6,x6,25_MM,s,poem-maze-indoor-novel-label-dizzy-print,poem-maze-indoor-novel-label-dizzy-print-glide-wheel-try,har,25MM,BLACK,poem-maze,poem_maze_indoor_novel_label_dizzy_print_glide_wheel_try_mosquito_artefact,82X,Screw Countersunk,Black 25 Mm Length Hex Head,25m,http://192.168.1.245:1112/?label=oomp%2082xx6,M,https://www.accu.co.uk/countersunk-socket-head-screws/472027-SSK-M4-25-10-9,200,hex,HAR,0.05,HE,M4,,:melon: :skull: :koala:,cs4b25h,poem maze indoor novel label dizzy print glide wheel try,webpage_distributor_orbital_fasteners,SCREW_,HARDW,hard,,0.0329,black,25_,cf203a7fd063155900be1970e6226538,hex_head,BLA,poem<br>maze<br>indoor<br>novel<br>label<br>dizzy<br>print<br>glide<br>wheel,BL,M4,BLAC,poem_maze_indoor_novel_label_dizzy_print_glide_wheel_try_mosquito,BLACK,0.03,hardw,0.0146,M,poemmazeindoornovellabeldizzy,orbital_fasteners
hardware_screw_socket_cap_m3_black_25_mm_length_hex_head,25,Socket Cap,M3,SC3B25H,"[':sheep:', ':grapes:', ':car:']",25M,,ha,acid sense moment angry basic waste embrace,B25,m3,25MML,H,acid_sense,M3,0.0266,M3,,acid_sense_moment_angry_basic_waste_embrace_sunset,har,Hex Head,25_m,SSCF-M3-25-12.9+-zinc,0.67,Black,m3,"acid
sense
moment
angry",acid<br>sense<br>moment<br>angry<br>basic,acidsensemomentangrybasicwasteembracesunsetorangequizgrass,,hexhe,m,https://www.accu.co.uk/metric-cap-head-screws/16009-SSC-M3-25-12-9,,2,"acid
sense
moment
angry
basic",bl,orbital_fasteners,acidsensemomentangry,hardwa,https://www.accu.co.uk/metric-cap-head-screws/16009-SSC-M3-25-12-9,sc,42cbebfcde,hexh,B,bla,25,BLACK,"acid
sense
moment
angry
basic
waste
embrace
sunset
orange",m3,acid_sense_moment_angry_basic,0.0266,25_MM_LENGTH,acid-sense-moment-angry-basic-waste-embrace-sunset-orange-quiz-grass,b,M3,acid,github_link,HEXHE,BEB,5050420695985,hardware_screw_socket_cap_m3_black_25_mm_length_hex_head,Hardware,2,BLAC,M3,,0.048,M3 x 25 Socket Cap Screw Gr12.9 Self Colour DIN 912 150,2,25 mm Length,acid-sense-moment-angry-basic-waste-embrace-sunset-orange,HARDWA,HA,HARD,42cbe,25 mm,True,M3,acid sense moment,acid<br>sense<br>moment<br>angry,acid sense moment angry basic waste embrace sunset orange,beb,https://github.com/oomlout/oomlout_oomp_current_version_messy/tree/main/parts/hardware_screw_socket_cap_m3_black_25_mm_length_hex_head,2,"acid
sense
moment
angry
basic
waste
embrace
sunset",25_mm_length,acid<br>sense<br>moment<br>angry<br>basic<br>waste<br>embrace<br>sunset<br>orange<br>quiz<br>grass,0.0214,black,type_diagram.png,BLA,SC,"acid
sense",https://github.com/oomlout/oomlout_oomp_current_version_messy/tree/main/parts/hardware_screw_socket_cap_m3_black_25_mm_length_hex_head,acid,,42CBEBFCDE,M3,orbital_fasteners,m3,False,https://www.orbitalfasteners.co.uk/products/m3-x-25-socket-cap-screw-high-tensile-grade-12-9-self-colour-,acid-sense-moment-angry-basic-waste-embrace-sunset-orange-quiz-grass-aerobic,BLACK,hardware,[],acid sense moment angry basic waste,25 mm Length,25_mm_length_hex_head,M3,25_mm,acidsensemoment,he,25,orbital_fasteners,25mmle,,orbital_fasteners,,SCR,25mm,,0.0214,sheep grapes car,hardw,"acid
sense
moment
angry
basic
waste","acid
sense
moment
angry
basic
waste
embrace
sunset
orange
quiz",SC3B25H,BLACK,hex,HARDWARE,HEX,h,link_main,scr,m3_black_25_mm_length_hex_head,B25,,hard,Black,42cbeb,H,m3,accu,webpage_distributor_accu,acid sense moment angry basic waste embrace sunset,acid<br>sense<br>moment<br>angry<br>basic<br>waste<br>embrace<br>sunset<br>orange<br>quiz,HEX,acid,hex_h,acid<br>sense<br>moment<br>angry<br>basic<br>waste<br>embrace<br>sunset<br>orange<br>quiz<br>grass<br>aerobic,acidsense,screw_,s,25,HA,webpage_manufacturer_metalmate,25,SCREWS,Black,25_mm_,acid<br>sense<br>moment<br>angry<br>basic<br>waste<br>embrace,"['acid', 'sense', 'moment', 'angry', 'basic', 'waste', 'embrace', 'sunset', 'orange', 'quiz', 'grass', 'aerobic']",[hardware_screw_socket_cap_m3_black_25_mm_length_hex_head](https://github.com/oomlout/oomlout_oomp_current_version_messy/tree/main/parts/hardware_screw_socket_cap_m3_black_25_mm_length_hex_head)<br>[sc3b25h](https://github.com/oomlout/oomlout_oomp_current_version_messy/tree/main/parts/hardware_screw_socket_cap_m3_black_25_mm_length_hex_head)<br>[Hardware Screw Socket Cap M3 Black 25 Mm Length Hex Head](https://github.com/oomlout/oomlout_oomp_current_version_messy/tree/main/parts/hardware_screw_socket_cap_m3_black_25_mm_length_hex_head)<br><br>,m3,2,black,4800,[hardware_screw_socket_cap_m3_black_25_mm_length_hex_head](https://github.com/oomlout/oomlout_oomp_current_version_messy/tree/main/parts/hardware_screw_socket_cap_m3_black_25_mm_length_hex_head)<br><br>,"acid
sense
moment
angry
basic
waste
embrace",blac,black,B,HEXH,7318156890,acidsensemomentangrybasicwasteembracesunset,,S,s,RF,1150M390025,blac,3,HEX_,,M3,acid-sense-moment-angry-basic-waste-embrace-sunset,acid sense moment angry basic waste embrace sunset orange quiz grass aerobic,acid_sense_moment_angry_basic_waste_embrace_sunset_orange_quiz,black,,https://github.com/oomlout/oomlout_oomp_part_src/tree/main/parts/hardware_screw_socket_cap_m3_black_25_mm_length_hex_head,,1891052,acidsensemomentangrybasicwasteembracesunsetorange,25_MM_,acid sense moment angry basic,3,25MMLE,0.04,"acid
sense
moment
angry
basic
waste
embrace
sunset
orange
quiz
grass",https://www.orbitalfasteners.co.uk/products/m3-x-25-socket-cap-screw-high-tensile-grade-12-9-self-colour-,acid sense moment angry,acid sense,ha,200,acid-sense-moment,scre,screw,hex_,BL,sc,SCR,,0.0214,25mml,2ltrf,0.048,acid<br>sense,scre,acid<br>sense<br>moment<br>angry<br>basic<br>waste,acid_sense_moment_angry,HEXHEA,M,SCREW_SOCKET_CAP,Hardware,sc3b25h,SCREW,m3,acid-sense-moment-angry,HARD,Screw Socket Cap M3 Black 25 mm Length Hex Head,S,HEX_HEAD,https://www.harclob2b.com/m3-x-25-socket-cap-screw-gr12-9-self-colour-din-91-1150m390025,2LTRF,0.048,black_25_mm_length_hex_head,m,m3,0.04,h,acid sense moment angry basic waste embrace sunset orange quiz grass,acid_sense_moment_angry_basic_waste_embrace_sunset_orange,Hardware Screw Socket Cap M3 Black 25 mm Length Hex Head,,head_type_diagram.png,42c,m3,hardwa,Socket Cap M3X25 mm Black (Hex Head),h,http://192.168.1.242:1112/?label=oomp%202ltrf,0.06,screw,0.048,https://www.orbitalfasteners.co.uk/products/m3-x-25-socket-cap-screw-high-tensile-grade-12-9-self-colour-,42C,,0.06,acid,M3,0.67,2lt,he,SCREW,screws,0.06,0.06,"acid
sense
moment",hex_he,0.0214,webpage_distributor_accu,M3,,bla,SC,"acid
sense
moment
angry
basic
waste
embrace
sunset
orange
quiz
grass
aerobic",acidsensemomentangrybasicwasteembracesunsetorangequiz,Hex Head,https://www.harclob2b.com/m3-x-25-socket-cap-screw-gr12-9-self-colour-din-91-1150m390025,acid,b,acidsensemomentangrybasic,25_M,HE,H,orbital_fasteners,h,0.0214,25,oomp_hardware_screw_socket_cap_m3_black_25_mm_length_hex_head,h,Hex Head,hexhea,42CBE,acidsensemomentangrybasicwasteembrace,42CBEB,25,b,acid-sense-moment-angry-basic-waste,HEX_H,2,H,HARDWA,0.0266,acid_sense_moment,"['sheep', 'grapes', 'car']",SSCF-M3-25-12.9,parts/hardware_screw_socket_cap_m3_black_25_mm_length_hex_head,[],m,0.048,webpage_distributor_orbital_fasteners,acid<br>sense<br>moment<br>angry<br>basic<br>waste<br>embrace<br>sunset,H,M3,screw_socket_cap_m3_black_25_mm_length_hex_head,acid_sense_moment_angry_basic_waste_embrace,h,25_,0.0266,Black 25 mm Length Hex Head,orbital_fasteners,,m3,acid_sense_moment_angry_basic_waste,hardware_screw_socket_cap_m3_black_25_mm_length_hex_head,HEX_HE,acidsensemomentangrybasicwasteembracesunsetorangequizgrassaerobic,SCRE,B,acid,HAR,SCRE,acid<br>sense<br>moment,Screw Socket Cap,HARDW,25 mm Length Hex Head,M3 Black 25 mm Length Hex Head,acid-sense-moment-angry-basic,m3,scr,screw_socket_cap,bl,S,H,https://www.orbitalfasteners.co.uk/products/m3-x-25-socket-cap-screw-high-tensile-grade-12-9-self-colour-,https://github.com/oomlout/oomlout_oomp_part_src/tree/main/parts/hardware_screw_socket_cap_m3_black_25_mm_length_hex_head,http://192.168.1.55:1112/?label=oomp%202ltrf,rf,25_MM,s,acid-sense-moment-angry-basic-waste-embrace,acid-sense-moment-angry-basic-waste-embrace-sunset-orange-quiz,har,25MM,BLACK,acid-sense,acid_sense_moment_angry_basic_waste_embrace_sunset_orange_quiz_grass_aerobic,2LT,Screw Socket Cap,Black 25 Mm Length Hex Head,25m,http://192.168.1.245:1112/?label=oomp%202ltrf,M,https://www.accu.co.uk/metric-cap-head-screws/16009-SSC-M3-25-12-9,200,hex,HAR,0.04,HE,M3,,:sheep: :grapes: :car:,sc3b25h,acid sense moment angry basic waste embrace sunset orange quiz,webpage_distributor_orbital_fasteners,SCREW_,HARDW,hard,,0.048,black,25_,42cbebfcded98913de89808f1df0f00f,hex_head,BLA,acid<br>sense<br>moment<br>angry<br>basic<br>waste<br>embrace<br>sunset<br>orange,BL,M3,BLAC,acid_sense_moment_angry_basic_waste_embrace_sunset_orange_quiz_grass,BLACK,0.04,hardw,0.0214,M,acidsensemomentangrybasicwaste,orbital_fasteners
hardware_screw_socket_cap_m4_black_25_mm_length_hex_head,25,Socket Cap,M4,SC4B25H,"[':sheep:', ':candy:', ':thumbsup:']",25M,,ha,pottery ability someone sure cancel will media,B25,m4,25MML,H,pottery_ability,M4,0.0235,M4,,pottery_ability_someone_sure_cancel_will_media_grab,har,Hex Head,25_m,SSCF-M4-25-12.9+-zinc,0.65,Black,m4,"pottery
ability
someone
sure",pottery<br>ability<br>someone<br>sure<br>cancel,potteryabilitysomeonesurecancelwillmediagrabagentfortuneglad,,hexhe,m,https://www.accu.co.uk/metric-cap-head-screws/16027-SSC-M4-25-12-9,,2,"pottery
ability
someone
sure
cancel",bl,orbital_fasteners,potteryabilitysomeonesure,hardwa,https://www.accu.co.uk/metric-cap-head-screws/16027-SSC-M4-25-12-9,sc,42c516e027,hexh,B,bla,25,BLACK,"pottery
ability
someone
sure
cancel
will
media
grab
agent",m4,pottery_ability_someone_sure_cancel,0.0235,25_MM_LENGTH,pottery-ability-someone-sure-cancel-will-media-grab-agent-fortune-glad,b,M4,pottery,github_link,HEXHE,516,,hardware_screw_socket_cap_m4_black_25_mm_length_hex_head,Hardware,2,BLAC,M4,,0.0424,,2,25 mm Length,pottery-ability-someone-sure-cancel-will-media-grab-agent,HARDWA,HA,HARD,42c51,25 mm,True,M4,pottery ability someone,pottery<br>ability<br>someone<br>sure,pottery ability someone sure cancel will media grab agent,516,https://github.com/oomlout/oomlout_oomp_current_version_messy/tree/main/parts/hardware_screw_socket_cap_m4_black_25_mm_length_hex_head,2,"pottery
ability
someone
sure
cancel
will
media
grab",25_mm_length,pottery<br>ability<br>someone<br>sure<br>cancel<br>will<br>media<br>grab<br>agent<br>fortune<br>glad,0.0188,black,type_diagram.png,BLA,SC,"pottery
ability",https://github.com/oomlout/oomlout_oomp_current_version_messy/tree/main/parts/hardware_screw_socket_cap_m4_black_25_mm_length_hex_head,pottery,,42C516E027,M4,orbital_fasteners,m4,False,https://www.orbitalfasteners.co.uk/products/m4-x-25-socket-cap-screw-high-tensile-grade-12-9-self-colour,pottery-ability-someone-sure-cancel-will-media-grab-agent-fortune-glad-aerobic,BLACK,hardware,[],pottery ability someone sure cancel will,25 mm Length,25_mm_length_hex_head,M4,25_mm,potteryabilitysomeone,he,25,orbital_fasteners,25mmle,,orbital_fasteners,,SCR,25mm,,0.0188,sheep candy thumbsup,hardw,"pottery
ability
someone
sure
cancel
will","pottery
ability
someone
sure
cancel
will
media
grab
agent
fortune",SC4B25H,BLACK,hex,HARDWARE,HEX,h,link_main,scr,m4_black_25_mm_length_hex_head,B25,,hard,Black,42c516,H,m4,accu,webpage_distributor_accu,pottery ability someone sure cancel will media grab,pottery<br>ability<br>someone<br>sure<br>cancel<br>will<br>media<br>grab<br>agent<br>fortune,HEX,pottery,hex_h,pottery<br>ability<br>someone<br>sure<br>cancel<br>will<br>media<br>grab<br>agent<br>fortune<br>glad<br>aerobic,potteryability,screw_,s,25,HA,,25,SCREWS,Black,25_mm_,pottery<br>ability<br>someone<br>sure<br>cancel<br>will<br>media,"['pottery', 'ability', 'someone', 'sure', 'cancel', 'will', 'media', 'grab', 'agent', 'fortune', 'glad', 'aerobic']",[hardware_screw_socket_cap_m4_black_25_mm_length_hex_head](https://github.com/oomlout/oomlout_oomp_current_version_messy/tree/main/parts/hardware_screw_socket_cap_m4_black_25_mm_length_hex_head)<br>[sc4b25h](https://github.com/oomlout/oomlout_oomp_current_version_messy/tree/main/parts/hardware_screw_socket_cap_m4_black_25_mm_length_hex_head)<br>[Hardware Screw Socket Cap M4 Black 25 Mm Length Hex Head](https://github.com/oomlout/oomlout_oomp_current_version_messy/tree/main/parts/hardware_screw_socket_cap_m4_black_25_mm_length_hex_head)<br><br>,m4,2,black,,[hardware_screw_socket_cap_m4_black_25_mm_length_hex_head](https://github.com/oomlout/oomlout_oomp_current_version_messy/tree/main/parts/hardware_screw_socket_cap_m4_black_25_mm_length_hex_head)<br><br>,"pottery
ability
someone
sure
cancel
will
media",blac,black,B,HEXH,,potteryabilitysomeonesurecancelwillmediagrab,,S,s,EU,,blac,4,HEX_,,M4,pottery-ability-someone-sure-cancel-will-media-grab,pottery ability someone sure cancel will media grab agent fortune glad aerobic,pottery_ability_someone_sure_cancel_will_media_grab_agent_fortune,black,,https://github.com/oomlout/oomlout_oomp_part_src/tree/main/parts/hardware_screw_socket_cap_m4_black_25_mm_length_hex_head,,1891120,potteryabilitysomeonesurecancelwillmediagrabagent,25_MM_,pottery ability someone sure cancel,4,25MMLE,0.03,"pottery
ability
someone
sure
cancel
will
media
grab
agent
fortune
glad",https://www.orbitalfasteners.co.uk/products/m4-x-25-socket-cap-screw-high-tensile-grade-12-9-self-colour,pottery ability someone sure,pottery ability,ha,200,pottery-ability-someone,scre,screw,hex_,BL,sc,SCR,,0.0188,25mml,2lseu,0.0424,pottery<br>ability,scre,pottery<br>ability<br>someone<br>sure<br>cancel<br>will,pottery_ability_someone_sure,HEXHEA,M,SCREW_SOCKET_CAP,Hardware,sc4b25h,SCREW,m4,pottery-ability-someone-sure,HARD,Screw Socket Cap M4 Black 25 mm Length Hex Head,S,HEX_HEAD,,2LSEU,0.0424,black_25_mm_length_hex_head,m,m4,0.03,h,pottery ability someone sure cancel will media grab agent fortune glad,pottery_ability_someone_sure_cancel_will_media_grab_agent,Hardware Screw Socket Cap M4 Black 25 mm Length Hex Head,,head_type_diagram.png,42c,m4,hardwa,Socket Cap M4X25 mm Black (Hex Head),h,http://192.168.1.242:1112/?label=oomp%202lseu,0.04,screw,0.0424,https://www.orbitalfasteners.co.uk/products/m4-x-25-socket-cap-screw-high-tensile-grade-12-9-self-colour,42C,,0.04,pottery,M4,0.65,2ls,he,SCREW,screws,0.04,0.04,"pottery
ability
someone",hex_he,0.0188,webpage_distributor_accu,M4,,bla,SC,"pottery
ability
someone
sure
cancel
will
media
grab
agent
fortune
glad
aerobic",potteryabilitysomeonesurecancelwillmediagrabagentfortune,Hex Head,,pottery,b,potteryabilitysomeonesurecancel,25_M,HE,H,orbital_fasteners,h,0.0188,25,oomp_hardware_screw_socket_cap_m4_black_25_mm_length_hex_head,h,Hex Head,hexhea,42C51,potteryabilitysomeonesurecancelwillmedia,42C516,25,b,pottery-ability-someone-sure-cancel-will,HEX_H,2,H,HARDWA,0.0235,pottery_ability_someone,"['sheep', 'candy', 'thumbsup']",SSCF-M4-25-12.9,parts/hardware_screw_socket_cap_m4_black_25_mm_length_hex_head,[],m,0.0424,webpage_distributor_orbital_fasteners,pottery<br>ability<br>someone<br>sure<br>cancel<br>will<br>media<br>grab,H,M4,screw_socket_cap_m4_black_25_mm_length_hex_head,pottery_ability_someone_sure_cancel_will_media,h,25_,0.0235,Black 25 mm Length Hex Head,orbital_fasteners,,m4,pottery_ability_someone_sure_cancel_will,hardware_screw_socket_cap_m4_black_25_mm_length_hex_head,HEX_HE,potteryabilitysomeonesurecancelwillmediagrabagentfortunegladaerobic,SCRE,B,pottery,HAR,SCRE,pottery<br>ability<br>someone,Screw Socket Cap,HARDW,25 mm Length Hex Head,M4 Black 25 mm Length Hex Head,pottery-ability-someone-sure-cancel,m4,scr,screw_socket_cap,bl,S,H,https://www.orbitalfasteners.co.uk/products/m4-x-25-socket-cap-screw-high-tensile-grade-12-9-self-colour,https://github.com/oomlout/oomlout_oomp_part_src/tree/main/parts/hardware_screw_socket_cap_m4_black_25_mm_length_hex_head,http://192.168.1.55:1112/?label=oomp%202lseu,eu,25_MM,s,pottery-ability-someone-sure-cancel-will-media,pottery-ability-someone-sure-cancel-will-media-grab-agent-fortune,har,25MM,BLACK,pottery-ability,pottery_ability_someone_sure_cancel_will_media_grab_agent_fortune_glad_aerobic,2LS,Screw Socket Cap,Black 25 Mm Length Hex Head,25m,http://192.168.1.245:1112/?label=oomp%202lseu,M,https://www.accu.co.uk/metric-cap-head-screws/16027-SSC-M4-25-12-9,,hex,HAR,0.03,HE,M4,,:sheep: :candy: :thumbsup:,sc4b25h,pottery ability someone sure cancel will media grab agent fortune,webpage_distributor_orbital_fasteners,SCREW_,HARDW,hard,,0.0424,black,25_,42c516e02765514fec909da19e000d47,hex_head,BLA,pottery<br>ability<br>someone<br>sure<br>cancel<br>will<br>media<br>grab<br>agent,BL,M4,BLAC,pottery_ability_someone_sure_cancel_will_media_grab_agent_fortune_glad,BLACK,0.03,hardw,0.0188,M,potteryabilitysomeonesurecancelwill,orbital_fasteners
hardware_set_screw_m6_25_mm_length,25,Set Screw,M6,SS6M25,"[':train:', ':pig:', ':chicken:']",25M,,ha,family example kite pottery sick fatigue update,25,m6,25MML,,family_example,M6,0.0379,M6,,family_example_kite_pottery_sick_fatigue_update_cliff,har,,25_m,,,,m6,"family
example
kite
pottery",family<br>example<br>kite<br>pottery<br>sick,familyexamplekitepotterysickfatigueupdatecliffagreechimneybullet,,,m,https://www.harclob2b.com/m6-x-25-high-tensile-set-gr-8-8-zinc-plated-metalm-z0318m490025,,2,"family
example
kite
pottery
sick",,orbital_fasteners,familyexamplekitepottery,hardwa,,se,f03c4a0028,,,,25,,"family
example
kite
pottery
sick
fatigue
update
cliff
agree",m6,family_example_kite_pottery_sick,0.0379,25_MM_LENGTH,family-example-kite-pottery-sick-fatigue-update-cliff-agree-chimney-bullet,,M6,family,github_link,,C4A,5050420654173,hardware_set_screw_m6_25_mm_length,Hardware,2,,M6,,0.0379,M6 x 25 High Tensile Set Gr 8.8 Zinc Plated Metalmate DIN 933 (ISO 4017),2,25 mm Length,family-example-kite-pottery-sick-fatigue-update-cliff-agree,HARDWA,HA,HARD,f03c4,25 mm,True,M6,family example kite,family<br>example<br>kite<br>pottery,family example kite pottery sick fatigue update cliff agree,c4a,https://github.com/oomlout/oomlout_oomp_current_version_messy/tree/main/parts/hardware_set_screw_m6_25_mm_length,2,"family
example
kite
pottery
sick
fatigue
update
cliff",25_mm_length,family<br>example<br>kite<br>pottery<br>sick<br>fatigue<br>update<br>cliff<br>agree<br>chimney<br>bullet,0.0211,,type_diagram.png,,SE,"family
example",https://github.com/oomlout/oomlout_oomp_current_version_messy/tree/main/parts/hardware_set_screw_m6_25_mm_length,family,,F03C4A0028,M6,orbital_fasteners,m6,False,https://www.orbitalfasteners.co.uk/products/m6-x-25-hexagon-head-set-screws-high-tensile-grade-8-8-bright-zinc-plated,family-example-kite-pottery-sick-fatigue-update-cliff-agree-chimney-bullet-audit,,hardware,[],family example kite pottery sick fatigue,25 mm Length,25mmlength,M6,25_mm,familyexamplekite,,25,orbital_fasteners,25mmle,,orbital_fasteners,,SET,25mm,,0.0168,train pig chicken,hardw,"family
example
kite
pottery
sick
fatigue","family
example
kite
pottery
sick
fatigue
update
cliff
agree
chimney",SS625,,,HARDWARE,,,link_main,set,m6_25_mm_length,25,,hard,,f03c4a,,m6,accu,webpage_manufacturer_metalmate,family example kite pottery sick fatigue update cliff,family<br>example<br>kite<br>pottery<br>sick<br>fatigue<br>update<br>cliff<br>agree<br>chimney,,family,,family<br>example<br>kite<br>pottery<br>sick<br>fatigue<br>update<br>cliff<br>agree<br>chimney<br>bullet<br>audit,familyexample,set_sc,s,25,HA,,25,SETSCR,,25_mm_,family<br>example<br>kite<br>pottery<br>sick<br>fatigue<br>update,"['family', 'example', 'kite', 'pottery', 'sick', 'fatigue', 'update', 'cliff', 'agree', 'chimney', 'bullet', 'audit']",[hardware_set_screw_m6_25_mm_length](https://github.com/oomlout/oomlout_oomp_current_version_messy/tree/main/parts/hardware_set_screw_m6_25_mm_length)<br>[ss625](https://github.com/oomlout/oomlout_oomp_current_version_messy/tree/main/parts/hardware_set_screw_m6_25_mm_length)<br>[Hardware Set Screw M6 25 Mm Length](https://github.com/oomlout/oomlout_oomp_current_version_messy/tree/main/parts/hardware_set_screw_m6_25_mm_length)<br><br>,m6,2,,3000,[hardware_set_screw_m6_25_mm_length](https://github.com/oomlout/oomlout_oomp_current_version_messy/tree/main/parts/hardware_set_screw_m6_25_mm_length)<br><br>,"family
example
kite
pottery
sick
fatigue
update",,,,,7318158880,familyexamplekitepotterysickfatigueupdatecliff,,S,s,7E,Z0318M490025,,6,,,M6,family-example-kite-pottery-sick-fatigue-update-cliff,family example kite pottery sick fatigue update cliff agree chimney bullet audit,family_example_kite_pottery_sick_fatigue_update_cliff_agree_chimney,,,https://github.com/oomlout/oomlout_oomp_part_src/tree/main/parts/hardware_set_screw_m6_25_mm_length,,1851190,familyexamplekitepotterysickfatigueupdatecliffagree,25_MM_,family example kite pottery sick,6,25MMLE,,"family
example
kite
pottery
sick
fatigue
update
cliff
agree
chimney
bullet",https://www.orbitalfasteners.co.uk/products/m6-x-25-hexagon-head-set-screws-high-tensile-grade-8-8-bright-zinc-plated,family example kite pottery,family example,ha,200,family-example-kite,sets,set_s,,,se,SET,,0.0211,25mml,9dg7e,0.0379,family<br>example,set_,family<br>example<br>kite<br>pottery<br>sick<br>fatigue,family_example_kite_pottery,,M,SET_SCREW,Hardware,ss6m25,SET_S,m6,family-example-kite-pottery,HARD,Set Screw M6 25 mm Length,S,,,9DG7E,0.0379,25_mm_length,m,m6,,h,family example kite pottery sick fatigue update cliff agree chimney bullet,family_example_kite_pottery_sick_fatigue_update_cliff_agree,Hardware Set Screw M6 25 mm Length,,head_type_diagram.png,f03,m6,hardwa,Set Screw M6X25 mm  (Bolt),h,http://192.168.1.242:1112/?label=oomp%209dg7e,,setsc,0.0379,https://www.orbitalfasteners.co.uk/products/m6-x-25-hexagon-head-set-screws-high-tensile-grade-8-8-bright-zinc-plated,F03,,,family,M6,,9dg,,SETSC,setscr,,,"family
example
kite",,0.0168,,M6,,,SE,"family
example
kite
pottery
sick
fatigue
update
cliff
agree
chimney
bullet
audit",familyexamplekitepotterysickfatigueupdatecliffagreechimney,,https://www.harclob2b.com/m6-x-25-high-tensile-set-gr-8-8-zinc-plated-metalm-z0318m490025,family,,familyexamplekitepotterysick,25_M,,H,orbital_fasteners,,0.0211,25,oomp_hardware_set_screw_m6_25_mm_length,,Bolt,,F03C4,familyexamplekitepotterysickfatigueupdate,F03C4A,25,,family-example-kite-pottery-sick-fatigue,,2,,HARDWA,0.0379,family_example_kite,"['train', 'pig', 'chicken']",,parts/hardware_set_screw_m6_25_mm_length,[],m,0.0379,webpage_distributor_orbital_fasteners,family<br>example<br>kite<br>pottery<br>sick<br>fatigue<br>update<br>cliff,H,M6,set_screw_m6_25_mm_length,family_example_kite_pottery_sick_fatigue_update,h,25_,0.0379,25 mm Length,orbital_fasteners,,m6,family_example_kite_pottery_sick_fatigue,hardware_set_screw_m6_25_mm_length,,familyexamplekitepotterysickfatigueupdatecliffagreechimneybulletaudit,SET_,,family,HAR,SETS,family<br>example<br>kite,Set Screw,HARDW,25mmlength,M6 25 mm Length,family-example-kite-pottery-sick,m6,set,set_screw,,S,H,https://www.orbitalfasteners.co.uk/products/m6-x-25-hexagon-head-set-screws-high-tensile-grade-8-8-bright-zinc-plated,https://github.com/oomlout/oomlout_oomp_part_src/tree/main/parts/hardware_set_screw_m6_25_mm_length,http://192.168.1.55:1112/?label=oomp%209dg7e,7e,25_MM,s,family-example-kite-pottery-sick-fatigue-update,family-example-kite-pottery-sick-fatigue-update-cliff-agree-chimney,har,25MM,,family-example,family_example_kite_pottery_sick_fatigue_update_cliff_agree_chimney_bullet_audit,9DG,Set Screw,25 Mm Length,25m,http://192.168.1.245:1112/?label=oomp%209dg7e,M,,500,,HAR,,,M6,,:train: :pig: :chicken:,ss625,family example kite pottery sick fatigue update cliff agree chimney,webpage_distributor_orbital_fasteners,SET_SC,HARDW,hard,,0.0379,,25_,f03c4a00282afdd14f63ea8ef6539a94,,,family<br>example<br>kite<br>pottery<br>sick<br>fatigue<br>update<br>cliff<br>agree,,M6,,family_example_kite_pottery_sick_fatigue_update_cliff_agree_chimney_bullet,,,hardw,0.0168,M,familyexamplekitepotterysickfatigue,orbital_fasteners
mechanical_wheel_caster_25_mm_diameter_brown_plastic_wheel_39_mm_width_33_mm_height_bracket_m4_mounting_hole,25,,CASTE,,"[':fax:', ':fries:', ':tent:']",25M,,me,relax maze dinosaur sure cry calm course,25,cas,25MMD,3,relax_maze,CAST,,CASTER,,relax_maze_dinosaur_sure_cry_calm_course_give,mec,39 mm Width 33 mm Height Bracket M4 Mounting Hole,25_m,,,,caster,"relax
maze
dinosaur
sure",relax<br>maze<br>dinosaur<br>sure<br>cry,relaxmazedinosaursurecrycalmcoursegiveroundhorsefriend,,39mmw,c,,,2,"relax
maze
dinosaur
sure
cry",,,relaxmazedinosaursure,mechan,,wh,7eb9db75e3,39mm,,,25,,"relax
maze
dinosaur
sure
cry
calm
course
give
round",cast,relax_maze_dinosaur_sure_cry,,25_MM_DIAMETER_BROWN_PLASTIC_WHEEL,relax-maze-dinosaur-sure-cry-calm-course-give-round-horse-friend,,Caster,relax,github_link,39MMW,,,mechanical_wheel_caster_25_mm_diameter_brown_plastic_wheel_39_mm_width_33_mm_height_bracket_m4_mounting_hole,Mechanical,2,,CAST,,,,2,25 mm Diameter Brown Plastic Wheel,relax-maze-dinosaur-sure-cry-calm-course-give-round,MECHAN,ME,MECH,7eb9d,,True,Caster,relax maze dinosaur,relax<br>maze<br>dinosaur<br>sure,relax maze dinosaur sure cry calm course give round,,https://github.com/oomlout/oomlout_oomp_current_version_messy/tree/main/parts/mechanical_wheel_caster_25_mm_diameter_brown_plastic_wheel_39_mm_width_33_mm_height_bracket_m4_mounting_hole,2,"relax
maze
dinosaur
sure
cry
calm
course
give",25_mm_diameter_brown_plastic_wheel,relax<br>maze<br>dinosaur<br>sure<br>cry<br>calm<br>course<br>give<br>round<br>horse<br>friend,,,,,WH,"relax
maze",https://github.com/oomlout/oomlout_oomp_current_version_messy/tree/main/parts/mechanical_wheel_caster_25_mm_diameter_brown_plastic_wheel_39_mm_width_33_mm_height_bracket_m4_mounting_hole,relax,,7EB9DB75E3,,,cas,,,relax-maze-dinosaur-sure-cry-calm-course-give-round-horse-friend-among,,mechanical,[],relax maze dinosaur sure cry calm,25 mm Diameter Brown Plastic Wheel,25mmdiameterbrownplastic39mmwidth33mmheightbracketm4mountinghole,CA,25_mm,relaxmazedinosaur,39,25,,25mmdi,,,Caster Wheel 25mm Black,WHE,25mm,,,fax fries tent,mecha,"relax
maze
dinosaur
sure
cry
calm","relax
maze
dinosaur
sure
cry
calm
course
give
round
horse",,,39m,MECHANICAL,39M,3,link_main,whe,caster_25_mm_diameter_brown_plastic_39_mm_width_33_mm_height_bracket_m4_mounting_hole,25,,mech,,7eb9db,3,caste,accu,,relax maze dinosaur sure cry calm course give,relax<br>maze<br>dinosaur<br>sure<br>cry<br>calm<br>course<br>give<br>round<br>horse,39_,relax,39_mm,relax<br>maze<br>dinosaur<br>sure<br>cry<br>calm<br>course<br>give<br>round<br>horse<br>friend<br>among,relaxmaze,wheel,w,25,ME,,25,WHEEL,,25_mm_,relax<br>maze<br>dinosaur<br>sure<br>cry<br>calm<br>course,"['relax', 'maze', 'dinosaur', 'sure', 'cry', 'calm', 'course', 'give', 'round', 'horse', 'friend', 'among']",[mechanical_wheel_caster_25_mm_diameter_brown_plastic_wheel_39_mm_width_33_mm_height_bracket_m4_mounting_hole](https://github.com/oomlout/oomlout_oomp_current_version_messy/tree/main/parts/mechanical_wheel_caster_25_mm_diameter_brown_plastic_wheel_39_mm_width_33_mm_height_bracket_m4_mounting_hole)<br>[](https://github.com/oomlout/oomlout_oomp_current_version_messy/tree/main/parts/mechanical_wheel_caster_25_mm_diameter_brown_plastic_wheel_39_mm_width_33_mm_height_bracket_m4_mounting_hole)<br>[Mechanical Wheel Caster 25 Mm Diameter Brown Plastic Wheel 39 Mm Width 33 Mm Height Bracket M4 Mounting Hole](https://github.com/oomlout/oomlout_oomp_current_version_messy/tree/main/parts/mechanical_wheel_caster_25_mm_diameter_brown_plastic_wheel_39_mm_width_33_mm_height_bracket_m4_mounting_hole)<br><br>,ca,2,,,[mechanical_wheel_caster_25_mm_diameter_brown_plastic_wheel_39_mm_width_33_mm_height_bracket_m4_mounting_hole](https://github.com/oomlout/oomlout_oomp_current_version_messy/tree/main/parts/mechanical_wheel_caster_25_mm_diameter_brown_plastic_wheel_39_mm_width_33_mm_height_bracket_m4_mounting_hole)<br><br>,"relax
maze
dinosaur
sure
cry
calm
course",,,,39MM,,relaxmazedinosaursurecrycalmcoursegive,,W,w,,,,,39_M,,CA,relax-maze-dinosaur-sure-cry-calm-course-give,relax maze dinosaur sure cry calm course give round horse friend among,relax_maze_dinosaur_sure_cry_calm_course_give_round_horse,,,https://github.com/oomlout/oomlout_oomp_part_src/tree/main/parts/mechanical_wheel_caster_25_mm_diameter_brown_plastic_wheel_39_mm_width_33_mm_height_bracket_m4_mounting_hole,,,relaxmazedinosaursurecrycalmcoursegiveround,25_MM_,relax maze dinosaur sure cry,,25MMDI,,"relax
maze
dinosaur
sure
cry
calm
course
give
round
horse
friend",https://www.amazon.com/dp/B0B83T6G8P,relax maze dinosaur sure,relax maze,me,,relax-maze-dinosaur,whee,wheel,39_m,,wh,WHE,,,25mmd,4y09n,,relax<br>maze,whee,relax<br>maze<br>dinosaur<br>sure<br>cry<br>calm,relax_maze_dinosaur_sure,39MMWI,C,WHEEL,Mechanical,,WHEEL,caster,relax-maze-dinosaur-sure,MECH,Wheel Caster 25 mm Diameter Brown Plastic Wheel 39 mm Width 33 mm Height Bracket M4 Mounting Hole,W,39_MM_WIDTH_33_MM_HEIGHT_BRACKET_M4_MOUNTING_HOLE,,4Y09N,,25_mm_diameter_brown_plastic_39_mm_width_33_mm_height_bracket_m4_mounting_hole,c,caste,,m,relax maze dinosaur sure cry calm course give round horse friend,relax_maze_dinosaur_sure_cry_calm_course_give_round,Mechanical Wheel Caster 25 mm Diameter Brown Plastic Wheel 39 mm Width 33 mm Height Bracket M4 Mounting Hole,,,,caster,mechan,,m,http://192.168.1.242:1112/?label=oomp%204y09n,,wheel,,,,B0B83T6G8P,,relax,CASTER,,,39,WHEEL,wheel,,,"relax
maze
dinosaur",39_mm_,,,CASTER,,,WH,"relax
maze
dinosaur
sure
cry
calm
course
give
round
horse
friend
among",relaxmazedinosaursurecrycalmcoursegiveroundhorse,39 mm Width 33 mm Height Bracket M4 Mounting Hole,,relax,,relaxmazedinosaursurecry,25_M,39,M,,3,,,oomp_mechanical_wheel_caster_25_mm_diameter_brown_plastic_wheel_39_mm_width_33_mm_height_bracket_m4_mounting_hole,3,,39mmwi,7EB9D,relaxmazedinosaursurecrycalmcourse,7EB9DB,25,,relax-maze-dinosaur-sure-cry-calm,39_MM,2,3,MECHAN,,relax_maze_dinosaur,"['fax', 'fries', 'tent']",,parts/mechanical_wheel_caster_25_mm_diameter_brown_plastic_wheel_39_mm_width_33_mm_height_bracket_m4_mounting_hole,[],c,,,relax<br>maze<br>dinosaur<br>sure<br>cry<br>calm<br>course<br>give,M,CASTE,wheel_caster_25_mm_diameter_brown_plastic_wheel_39_mm_width_33_mm_height_bracket_m4_mounting_hole,relax_maze_dinosaur_sure_cry_calm_course,m,25_,,25 mm Diameter Brown Plastic 39 mm Width 33 mm Height Bracket M4 Mounting Hole,,,cast,relax_maze_dinosaur_sure_cry_calm,,39_MM_,relaxmazedinosaursurecrycalmcoursegiveroundhorsefriendamong,WHEE,,relax,MEC,WHEE,relax<br>maze<br>dinosaur,Wheel,MECHA,25mmdiameterbrownplastic39mmwidth33mmheightbracketm4Mountinghole,Caster 25 mm Diameter Brown Plastic 39 mm Width 33 mm Height Bracket M4 Mounting Hole,relax-maze-dinosaur-sure-cry,ca,whe,wheel,,W,M,,https://github.com/oomlout/oomlout_oomp_part_src/tree/main/parts/mechanical_wheel_caster_25_mm_diameter_brown_plastic_wheel_39_mm_width_33_mm_height_bracket_m4_mounting_hole,http://192.168.1.55:1112/?label=oomp%204y09n,,25_MM,w,relax-maze-dinosaur-sure-cry-calm-course,relax-maze-dinosaur-sure-cry-calm-course-give-round-horse,mec,25MM,,relax-maze,relax_maze_dinosaur_sure_cry_calm_course_give_round_horse_friend_among,,Wheel,25 Mm Diameter Brown Plastic 39 Mm Width 33 Mm Height Bracket M4 Mounting Hole,25m,http://192.168.1.245:1112/?label=oomp%204y09n,C,,,39_,MEC,,39,CAS,,:fax: :fries: :tent:,,relax maze dinosaur sure cry calm course give round horse,,WHEEL,MECHA,mech,,,,25_,7eb9db75e3626628821a9da07ce265a8,39_mm_width_33_mm_height_bracket_m4_mounting_hole,,relax<br>maze<br>dinosaur<br>sure<br>cry<br>calm<br>course<br>give<br>round,,CAS,,relax_maze_dinosaur_sure_cry_calm_course_give_round_horse_friend,,,mecha,,C,relaxmazedinosaursurecrycalm,orbital_fasteners
